{
    "Version": "2012-10-17",
    "Statement": [
        {
            "Sid": "",
            "Effect": "Allow",
            "Action": [
                "glue:GetTableVersions"
            ],
            "Resource": "*"
        },
        {
            "Sid": "",
            "Effect": "Allow",
            "Action": [
                "s3:AbortMultipartUpload",
                "s3:GetBucketLocation",
                "s3:GetObject",
                "s3:ListBucket",
                "s3:ListBucketMultipartUploads",
                "s3:PutObject"
            ],
            "Resource": [
                "arn:aws:s3:::kinesis-failed-s3",
                "arn:aws:s3:::kinesis-failed-s3/*",
                "arn:aws:s3:::%FIREHOSE_BUCKET_NAME%",
                "arn:aws:s3:::%FIREHOSE_BUCKET_NAME%/*"
            ]
        },
        {
            "Sid": "",
            "Effect": "Allow",
            "Action": [
                "lambda:InvokeFunction",
                "lambda:GetFunctionConfiguration"
            ],
            "Resource": "arn:aws:lambda:us-east-1:059870212802:function:kinesis-firehose-cloudwatch-logs-processor:$LATEST"
        },
        {
            "Sid": "",
            "Effect": "Allow",
            "Action": [
                "logs:PutLogEvents"
            ],
            "Resource": [
                "arn:aws:logs:us-east-1:059870212802:log-group:/aws/kinesisfirehose/splunk:log-stream:*"
            ]
        },
        {
            "Sid": "",
            "Effect": "Allow",
            "Action": [
                "kinesis:DescribeStream",
                "kinesis:GetShardIterator",
                "kinesis:GetRecords"
            ],
            "Resource": "arn:aws:kinesis:us-east-1:059870212802:stream/%FIREHOSE_STREAM_NAME%"
        },
        {
            "Effect": "Allow",
            "Action": [
                "kms:Decrypt"
            ],
            "Resource": [
                "arn:aws:kms:us-east-1:059870212802:key/%SSE_KEY_ID%"
            ],
            "Condition": {
                "StringEquals": {
                    "kms:ViaService": "kinesis.%REGION_NAME%.amazonaws.com"
                },
                "StringLike": {
                    "kms:EncryptionContext:aws:kinesis:arn": "arn:aws:kinesis:%REGION_NAME%:059870212802:stream/%FIREHOSE_STREAM_NAME%"
                }
            }
        }
    ]
}