[
    {
        "Name": "graylog-master",
        "Image": "graylog/graylog:2.4",
        "cpu": 1024,
        "memory": 2048,
        "options": {
            "awslogs-group": "ecs/graylog",
            "awslogs-region": "us-east-1",
            "awslogs-stream-prefix": "graylog-slave"
        },
        "portMappings": [
            {
                "containerPort": 9000,
                "protocol": "tcp"
            }
        ],
        "logDriver": "awslogs",
        "environment": [
            {
                "name": "GRAYLOG_IS_MASTER",
                "value": "True"
                },
              {
                "name": "GRAYLOG_PASSWORD_SECRET",
                "value": "R3JheWxvZ0BSZWRlIzE4"
                },
              {
                "name": "GRAYLOG_ROOT_PASSWORD_SHA2",
                "value": "ea9adb853216ac0030b53409df466648c64e2011b73616ba6f73579ec0607072"
              },
              {
                "name": "GRAYLOG_ROTATION_STRATEGY",
                "value": "time"
              },
              {
                "name": "GRAYLOG_ELASTICSEARCH_INDEX_PREFIX",
                "value": "graylog-prd"
              },
              {
                "name": "GRAYLOG_ELASTICSEARCH_CLUSTER_NAME",
                "value": "${var.domain}"
              },
              {
                "name": "GRAYLOG_ELASTICSEARCH_DISCOVERY_ZEN_PING_UNICAST_HOSTS",
                "value": "elastic.domain:9300"
              },
              {
                "name": "GRAYLOG_ELASTICSEARCH_MAX_TIME_PER_INDEX",
                "value": "10d"
              },
              {
                "name": "GRAYLOG_ELASTICSEARCH_MAX_NUMBER_OF_INDICES",
                "value": "10"
              },
              {
                "name": "GRAYLOG_MESSAGE_JOURNAL_ENABLED",
                "value": "false"
              },
              {
                "name": "GRAYLOG_WEB_ENDPOINT_URI",
                "value": "http://logs.prd.useredecloud/"
              },
              {
                "name": "GRAYLOG_MONGODB_URI",
                "value": "mongodb://logsdb.prd.useredecloud:27017/graylog"
              },
              {
                "name": "GRAYLOG_WEB_LISTEN_URI",
                "value": "http://0.0.0.0:9000"
              },
              {
                "name": "GRAYLOG_REST_LISTEN_URI",
                "value": "http://0.0.0.0:9000/api"
              },
              {
                "name": "GRAYLOG_SERVER_JAVA_OPTS",
                "value": "-Xms2g -Xmx4g -XX:NewRatio=1 -XX:MaxMetaspaceSize=256m -server -XX:+ResizeTLAB -XX:+UseConcMarkSweepGC -XX:+CMSConcurrentMTEnabled -XX:+CMSClassUnloadingEnabled -XX:+UseParNewGC -XX:-OmitStackTraceInFastThrow"
              }
        ]
    }
]